{"train_loss": [0.3020349992700269, 0.026923370755762094, 0.01772866169073419, 0.012107903903750616, 0.006865936404255848, 0.014395631394191099, 1.770784290917088e-05, 1.1431879410142798e-05, 5.732924742990285e-06, 7.925487583803385e-06, 4.182065501128954e-06, 2.666225103266669e-06, 2.151515377936151e-06, 1.7446833058168713e-06, 1.5428464462062362e-06], "val_loss": [0.056406479084143674, 0.028463407038935344, 0.023492484124051066, 0.0141618377987948, 0.01067781516004109, 0.0007191761812935737, 0.0004630969257634511, 0.0002812384346313998, 0.0002660908548418144, 0.0005118433824583359, 0.0002509512129775955, 0.00020404480761353094, 0.00017040916189707919, 0.0001488034778766015, 0.0001334656320335667], "train_acc": [0.9532710280373832, 0.9906542056074766, 0.9937694704049844, 0.9953271028037384, 1.0, 0.9984423676012462, 1.0, 1.0, 1.0, 1.0, 1.0, 1.0, 1.0, 1.0, 1.0], "val_acc": [0.9781021897810219, 0.9927007299270073, 0.9927007299270073, 1.0, 1.0, 1.0, 1.0, 1.0, 1.0, 1.0, 1.0, 1.0, 1.0, 1.0, 1.0], "val_f1": [0.9781734021719779, 0.9927166585032713, 0.9926765734899207, 1.0, 1.0, 1.0, 1.0, 1.0, 1.0, 1.0, 1.0, 1.0, 1.0, 1.0, 1.0]}